Source File	Size	loadResources	load	generateSnapshots	load-configure	scan	loadDepInfo	loadInfo	checkR4R4B	generateNarratives	validate	loadLists	checkConformanceResources	checkConformanceResources2	checkConformanceResources3	generateLogicalMaps	validateExpressions	scanForUsageStats	checkURLsUnique	processProvenanceDetails	translate	generate1	generate2	generateLogicals	makeDependencies	generateExampleZip	generateValidationPack	scanProfilesForR5	scanExamplesForR5
/fsh-generated/resources/ImplementationGuide-ans.fhir.fr.mesures.json	21829	-	0	0	1	0	1	0	18	52	0	0	0	0	0	0	0	1	0	0	24	120	178	0	0	0	4	0	1
fsh-generated/resources/Bundle-example-mes-fr-bundle-bio-003.json	15096	5	14	0	1	0	0	0	3	588	0	0	0	0	0	0	0	0	0	0	13	43	91	0	0	0	0	0	0
fsh-generated/resources/Bundle-example-mes-fr-bundle-body-weight.json	3487	2	6	0	0	0	0	0	1	777	0	0	0	0	0	0	0	0	0	0	5	10	19	0	0	0	0	0	0
fsh-generated/resources/Device-example-mes-fr-phd-device-001.json	3925	1	0	0	0	0	0	1	0	6	0	0	0	0	0	0	0	0	0	0	3	14	11	1	0	0	0	0	0
fsh-generated/resources/DiagnosticReport-example-mes-fr-diagnostic-report-cholesterol-003.json	896	1	0	0	0	0	0	0	1	4	0	0	0	0	0	0	0	0	0	0	4	10	23	0	0	0	0	0	0
fsh-generated/resources/Observation-645f7341-715f-44fb-87e9-93f2e7d125a5.json	2049	0	0	0	0	0	0	0	0	61	0	0	0	0	0	0	0	0	0	0	5	9	13	0	0	0	0	0	0
fsh-generated/resources/Observation-7b166d82-27b6-4878-9765-3fe101618edf.json	1905	1	0	0	0	0	0	0	1	55	0	0	0	0	0	0	0	0	0	0	4	6	13	0	0	0	0	0	0
fsh-generated/resources/Observation-8057b6ec-1417-4f1f-9a00-b0c46e7e71b1.json	2226	2	0	0	0	0	0	0	0	1	0	0	0	0	0	0	0	0	0	0	4	10	13	0	0	0	0	0	0
fsh-generated/resources/Observation-9bd2b013-27b0-4283-aa9e-fe7a5e0c6f1e.json	1906	1	0	0	0	0	0	0	1	56	0	0	0	0	0	0	0	0	0	0	3	6	12	0	0	0	0	0	0
fsh-generated/resources/Observation-b7a049e3-c07e-4e1c-95a5-909da37f75ce.json	2046	1	0	0	0	0	0	0	0	56	0	0	0	0	0	0	0	0	0	0	2	7	14	0	0	0	0	0	0
fsh-generated/resources/Observation-example-mes-fr-observation-bmi-001.json	1076	0	0	0	0	0	0	0	0	154	0	0	0	0	0	0	0	0	0	0	2	5	11	0	0	0	0	0	0
fsh-generated/resources/Observation-example-mes-fr-observation-body-height-001.json	836	1	0	0	0	0	0	0	0	102	0	0	0	0	0	0	0	0	0	0	2	4	10	0	0	0	0	0	0
fsh-generated/resources/Observation-example-mes-fr-observation-body-temperature-001.json	871	0	0	0	0	0	0	0	1	103	0	0	0	0	0	0	0	0	0	0	3	5	9	0	0	0	0	0	0
fsh-generated/resources/Observation-example-mes-fr-observation-body-weight-001.json	1218	1	0	0	0	0	0	0	0	53	0	0	0	0	0	0	0	1	0	0	2	5	9	0	0	0	0	0	0
fsh-generated/resources/Observation-example-mes-fr-observation-bp-001.json	2674	1	0	0	1	0	0	0	0	103	0	0	0	0	0	0	0	0	0	0	2	7	17	0	0	0	0	0	0
fsh-generated/resources/Observation-example-mes-fr-observation-glucose-001.json	2228	0	0	0	0	0	0	0	0	2	0	0	0	0	0	0	0	0	0	0	2	8	12	0	0	0	0	0	0
fsh-generated/resources/Observation-example-mes-fr-observation-hb1ac-001.json	919	1	0	0	0	0	0	0	0	104	0	0	0	0	0	0	0	0	0	0	2	6	12	0	0	0	0	0	0
fsh-generated/resources/Observation-example-mes-fr-observation-head-circumference-001.json	950	0	0	0	0	0	0	0	0	52	0	0	0	0	0	0	0	0	0	0	2	6	11	0	0	0	0	0	0
fsh-generated/resources/Observation-example-mes-fr-observation-heartrate-001.json	872	1	0	0	0	0	0	0	1	104	0	0	0	0	0	0	0	0	0	0	3	4	11	0	0	0	0	0	0
fsh-generated/resources/Observation-example-mes-fr-observation-oxygen-sat-001.json	924	1	0	0	0	0	0	0	0	1	0	0	0	0	0	0	0	0	0	0	2	5	11	0	0	0	0	0	0
fsh-generated/resources/Observation-example-mes-fr-observation-pain-severity-001.json	1052	1	0	0	0	0	0	0	0	103	0	0	0	0	0	0	0	0	0	0	2	4	11	0	0	0	0	0	0
fsh-generated/resources/Observation-example-mes-fr-observation-resp-rate-001.json	836	0	0	0	0	0	0	0	0	52	0	0	0	0	0	0	0	0	0	0	2	5	11	0	0	0	0	0	0
fsh-generated/resources/Observation-example-mes-fr-observation-steps-by-day-001.json	1070	1	0	0	0	0	0	0	0	104	0	0	0	0	0	0	0	0	0	0	2	4	13	0	0	0	0	0	0
fsh-generated/resources/Observation-example-mes-fr-observation-waist-circum-001.json	1068	0	0	0	0	0	0	0	0	53	0	0	0	0	0	0	0	0	0	0	2	5	11	0	0	0	0	0	0
fsh-generated/resources/Patient-example-mes-fr-patient-001.json	1069	1	0	0	0	0	0	0	0	1	0	0	0	0	0	0	0	0	0	0	3	5	16	0	0	0	0	0	0
fsh-generated/resources/Practitioner-example-mes-fr-practitionner-001.json	634	0	0	0	0	0	0	0	0	1	0	0	0	0	0	0	0	0	0	0	2	3	7	0	0	0	0	0	0
fsh-generated/resources/StructureDefinition-mesures-bundle-flux-alimentation-biologie.json	9267	2	0	306	0	0	0	0	1	213	0	0	1	0	0	0	0	3	0	0	2	637	1741	0	0	0	16	0	2
fsh-generated/resources/StructureDefinition-mesures-bundle-flux-alimentation.json	4131	1	0	247	0	0	0	0	0	23	0	0	0	0	0	0	0	1	0	0	0	258	865	0	0	0	8	0	1
fsh-generated/resources/StructureDefinition-mesures-diagnostic-report.json	4154	1	0	18	0	0	0	0	0	25	0	0	0	0	0	0	0	0	0	0	0	120	223	0	0	0	3	0	0
fsh-generated/resources/StructureDefinition-mesures-fr-observation-bmi.json	3620	1	0	34	0	0	0	0	0	35	0	0	0	0	0	0	0	1	0	0	2	240	461	0	0	0	9	1	1
fsh-generated/resources/StructureDefinition-mesures-fr-observation-body-temperature.json	5459	1	0	35	0	0	0	0	0	34	0	0	1	0	0	0	0	1	0	0	1	279	1359	0	0	0	9	0	0
fsh-generated/resources/StructureDefinition-mesures-fr-observation-body-weight.json	4706	1	0	39	0	0	0	0	0	33	0	0	0	0	0	0	0	2	0	0	1	245	568	0	0	0	9	0	1
fsh-generated/resources/StructureDefinition-mesures-fr-observation-bodyheight.json	4836	1	0	29	0	0	0	0	0	30	0	0	0	0	0	0	0	1	0	0	2	242	492	0	0	0	9	0	1
fsh-generated/resources/StructureDefinition-mesures-fr-observation-bp.json	5473	1	0	57	0	0	0	0	1	61	0	0	0	0	0	0	0	1	0	0	1	382	1034	0	1	0	13	1	1
fsh-generated/resources/StructureDefinition-mesures-fr-observation-heartrate.json	5488	2	0	24	0	0	0	0	0	30	0	0	0	0	0	0	0	1	0	0	1	262	1235	0	0	0	10	0	0
fsh-generated/resources/StructureDefinition-mesures-fr-observation-oxygen-sat.json	5247	1	0	23	1	0	0	0	0	28	0	0	1	0	0	0	0	1	0	0	1	262	238	0	0	0	9	0	1
fsh-generated/resources/StructureDefinition-mesures-fr-observation-resp-rate.json	3817	1	0	44	0	0	0	0	0	23	0	0	0	0	0	0	0	1	0	0	1	217	219	0	0	0	9	0	1
fsh-generated/resources/StructureDefinition-mesures-moment-of-measurement.json	1732	1	0	4	0	0	0	0	0	12	0	0	0	0	0	0	0	1	0	0	0	51	81	0	0	0	2	0	0
fsh-generated/resources/StructureDefinition-mesures-number-of-days.json	1697	1	0	2	0	0	0	0	0	6	0	0	0	0	0	0	0	0	0	0	1	27	70	0	0	0	1	1	0
fsh-generated/resources/StructureDefinition-mesures-observation-cholesterol-aspect.json	6001	1	0	13	0	0	0	0	0	24	0	0	0	0	0	0	0	0	0	0	1	207	592	0	0	0	8	0	0
fsh-generated/resources/StructureDefinition-mesures-observation-cholesterol-hdl.json	7673	2	0	18	0	0	0	0	1	28	0	0	0	0	0	0	0	1	0	0	2	238	337	0	0	0	10	0	1
fsh-generated/resources/StructureDefinition-mesures-observation-cholesterol-ldl.json	7393	2	0	16	0	0	0	0	0	28	0	0	0	0	0	0	0	1	0	0	1	233	265	0	1	0	8	0	0
fsh-generated/resources/StructureDefinition-mesures-observation-cholesterol-total.json	7403	2	0	27	0	0	0	0	0	26	0	0	0	0	0	0	0	1	0	0	1	232	269	0	0	0	13	0	1
fsh-generated/resources/StructureDefinition-mesures-observation-cholesterol-trigly.json	7263	2	0	26	0	0	0	0	0	1565	0	0	0	0	0	0	0	1	0	0	1	238	273	0	0	0	12	0	0
fsh-generated/resources/StructureDefinition-mesures-observation-glucose.json	9748	2	0	32	0	0	0	0	1	23	0	0	1	0	0	0	0	1	0	0	1	311	541	0	1	0	16	0	1
fsh-generated/resources/StructureDefinition-mesures-observation-hb1ac.json	6336	2	0	53	0	0	0	0	0	33	0	0	0	0	0	0	0	1	0	0	1	256	438	0	0	0	13	0	0
fsh-generated/resources/StructureDefinition-mesures-observation-head-circumference.json	5454	1	0	19	0	0	0	0	0	25	0	0	0	0	0	0	0	1	0	0	1	233	351	0	0	0	11	0	1
fsh-generated/resources/StructureDefinition-mesures-observation-pain-severity.json	6772	1	0	19	0	0	0	0	0	28	0	0	0	0	0	0	0	1	0	0	2	259	752	0	0	0	13	0	1
fsh-generated/resources/StructureDefinition-mesures-observation-steps-by-day.json	6200	1	0	19	0	0	0	0	0	26	0	0	0	0	0	0	0	1	0	0	1	245	726	0	1	0	12	1	0
fsh-generated/resources/StructureDefinition-mesures-observation-waist-circumference.json	5735	1	0	18	0	0	0	0	1	22	0	0	0	0	0	0	0	0	0	0	1	239	317	0	0	0	12	0	1
fsh-generated/resources/StructureDefinition-mesures-original-data.json	4295	1	0	6	1	0	0	0	0	8	0	0	0	0	0	0	0	1	0	0	1	78	107	0	0	0	3	0	0
fsh-generated/resources/StructureDefinition-mesures-reason-for-measurement.json	1383	1	0	2	0	0	0	0	0	3	0	0	0	0	0	0	0	0	0	0	0	26	72	0	0	0	1	0	0
fsh-generated/resources/ValueSet-method-glucose-vs.json	597	0	0	0	0	0	0	0	0	104	0	0	0	0	0	0	0	0	0	0	5	6	66	0	0	0	0	0	0
/fsh-generated/includes/fsh-link-references.md	4751	-	-	-	0	0	0	0	0	0	0	0	0	0	0	0	0	0	0	0	0	0	1	0	0	0	0	0	0
/fsh-generated/includes/menu.xml	3083	-	-	-	0	0	0	0	0	0	0	0	0	0	0	0	0	0	0	0	0	0	0	0	0	0	0	0	0
/input/data/features.yml	166	-	-	-	0	0	0	0	0	0	0	0	0	0	0	0	0	0	0	0	0	0	0	0	0	0	0	0	0
/input/pagecontent/Le-profil-FHIR-des-objets-connectes.md	937	-	-	-	0	0	0	0	0	0	0	0	0	0	0	0	0	0	0	0	0	0	0	0	0	0	0	0	0
/input/pagecontent/profils-biologie.md	3430	-	-	-	0	0	0	0	0	0	0	0	0	0	0	0	0	0	0	0	0	0	4	0	0	0	0	0	0
/input/pagecontent/index.md	7271	-	-	-	0	0	0	0	0	0	0	0	0	0	0	0	0	0	0	0	0	0	3	0	0	0	0	0	0
/input/pagecontent/flux-alimentation-signes-vitaux.md	15715	-	-	-	0	0	0	0	0	0	0	0	0	0	0	0	0	0	0	0	0	0	1	0	0	0	0	0	0
/input/pagecontent/changes.md	5072	-	-	-	0	0	0	0	0	0	0	0	0	0	0	0	0	0	0	0	0	0	0	0	0	0	0	0	0
/input/pagecontent/autres_ressources.md	0	-	-	-	0	0	0	0	0	0	0	0	0	0	0	0	0	0	0	0	0	0	0	0	0	0	0	0	0
/input/pagecontent/profils-signes-vitaux.md	1032	-	-	-	0	0	0	0	0	0	0	0	0	0	0	0	0	0	0	0	0	0	0	0	0	0	0	0	0
/input/pagecontent/downloads.md	1009	-	-	-	0	0	0	0	0	0	0	0	0	0	0	0	0	0	0	0	0	0	0	0	0	0	0	0	0
/input/pagecontent/Terminologies.md	8665	-	-	-	0	0	0	0	0	0	0	0	0	0	0	0	0	0	0	0	0	0	990	0	0	0	0	0	0
/input/pagecontent/construction_des_flux.md	224	-	-	-	0	0	0	0	0	0	0	0	0	0	0	0	0	0	0	0	0	0	0	0	0	0	0	0	0
/template/config	0	-	-	-	0	0	0	0	0	0	0	0	0	0	0	0	0	0	0	0	0	0	0	0	0	0	0	0	0
/template/config/_config.yml	31	-	-	-	0	0	0	0	0	0	0	0	0	0	0	0	0	0	0	0	0	0	0	0	0	0	0	0	0
/input/images	0	-	-	-	0	0	0	0	0	0	0	0	0	0	0	0	0	0	0	0	0	0	0	0	0	0	0	0	0
/input/images/schemaProfilsMES.png	389365	-	-	-	0	0	0	0	0	0	0	0	0	0	0	0	0	0	0	0	0	0	1	0	0	0	0	0	0
/input/images/ci-sis-logo.png	61365	-	-	-	0	0	0	0	0	0	0	0	0	0	0	0	0	0	0	0	0	0	0	0	0	0	0	0	0
/temp/pages/_includes/artifacts.xml	25194	-	-	-	-	-	-	-	-	-	-	-	-	-	-	-	-	-	-	-	-	-	1	0	0	0	0	0	0
